Week,Day,Date,,Winner/tie,,Loser/tie,PtsW,PtsL,YdsW,TOW,YdsL,TOL
1,Thu,September 5,boxscore,Denver Broncos,,Baltimore Ravens,49,27,510,2,393,2
1,Sun,September 8,boxscore,Indianapolis Colts,,Oakland Raiders,21,17,274,0,372,2
1,Sun,September 8,boxscore,St. Louis Rams,,Arizona Cardinals,27,24,366,2,390,2
1,Sun,September 8,boxscore,Kansas City Chiefs,@,Jacksonville Jaguars,28,2,292,0,178,2
1,Sun,September 8,boxscore,New York Jets,,Tampa Bay Buccaneers,18,17,304,2,250,2
1,Sun,September 8,boxscore,New Orleans Saints,,Atlanta Falcons,23,17,419,1,367,2
1,Sun,September 8,boxscore,Tennessee Titans,@,Pittsburgh Steelers,16,9,229,0,194,2
1,Sun,September 8,boxscore,Seattle Seahawks,@,Carolina Panthers,12,7,370,1,253,2
1,Sun,September 8,boxscore,Miami Dolphins,@,Cleveland Browns,23,10,275,1,291,3
1,Sun,September 8,boxscore,San Francisco 49ers,,Green Bay Packers,34,28,494,0,385,2
1,Sun,September 8,boxscore,Dallas Cowboys,,New York Giants,36,31,331,1,478,6
1,Sun,September 8,boxscore,Detroit Lions,,Minnesota Vikings,34,24,469,2,330,4
1,Sun,September 8,boxscore,New England Patriots,@,Buffalo Bills,23,21,431,3,286,2
1,Sun,September 8,boxscore,Chicago Bears,,Cincinnati Bengals,24,21,323,1,340,3
1,Mon,September 9,boxscore,Philadelphia Eagles,@,Washington Redskins,33,27,443,2,382,3
1,Mon,September 9,boxscore,Houston Texans,@,San Diego Chargers,31,28,449,1,263,1
Week,Day,Date,,Winner/tie,,Loser/tie,PtsW,PtsL,YdsW,TOW,YdsL,TOL
2,Thu,September 12,boxscore,New England Patriots,,New York Jets,13,10,232,0,318,4
2,Sun,September 15,boxscore,Green Bay Packers,,Washington Redskins,38,20,580,1,422,1
2,Sun,September 15,boxscore,Baltimore Ravens,,Cleveland Browns,14,6,296,1,259,0
2,Sun,September 15,boxscore,Kansas City Chiefs,,Dallas Cowboys,17,16,313,0,318,2
2,Sun,September 15,boxscore,Denver Broncos,@,New York Giants,41,23,414,1,376,4
2,Sun,September 15,boxscore,Miami Dolphins,@,Indianapolis Colts,24,20,398,1,448,1
2,Sun,September 15,boxscore,Chicago Bears,,Minnesota Vikings,31,30,411,4,350,3
2,Sun,September 15,boxscore,Buffalo Bills,,Carolina Panthers,24,23,436,2,308,1
2,Sun,September 15,boxscore,Atlanta Falcons,,St. Louis Rams,31,24,393,0,421,1
2,Sun,September 15,boxscore,Arizona Cardinals,,Detroit Lions,25,21,348,1,322,1
2,Sun,September 15,boxscore,Oakland Raiders,,Jacksonville Jaguars,19,9,340,1,248,0
2,Sun,September 15,boxscore,Houston Texans,,Tennessee Titans,30,24,452,2,248,0
2,Sun,September 15,boxscore,San Diego Chargers,@,Philadelphia Eagles,33,30,539,2,522,0
2,Sun,September 15,boxscore,Seattle Seahawks,,San Francisco 49ers,29,3,290,1,207,5
2,Sun,September 15,boxscore,New Orleans Saints,@,Tampa Bay Buccaneers,16,14,371,2,273,2
2,Mon,September 16,boxscore,Cincinnati Bengals,,Pittsburgh Steelers,20,10,407,0,278,2
Week,Day,Date,,Winner/tie,,Loser/tie,PtsW,PtsL,YdsW,TOW,YdsL,TOL
3,Thu,September 19,boxscore,Kansas City Chiefs,@,Philadelphia Eagles,26,16,394,0,431,5
3,Sun,September 22,boxscore,Seattle Seahawks,,Jacksonville Jaguars,45,17,479,2,265,3
3,Sun,September 22,boxscore,Detroit Lions,@,Washington Redskins,27,20,441,1,420,2
3,Sun,September 22,boxscore,New England Patriots,,Tampa Bay Buccaneers,23,3,358,1,323,1
3,Sun,September 22,boxscore,Tennessee Titans,,San Diego Chargers,20,17,452,0,277,1
3,Sun,September 22,boxscore,New York Jets,,Buffalo Bills,27,20,513,2,328,0
3,Sun,September 22,boxscore,Chicago Bears,@,Pittsburgh Steelers,40,23,258,0,459,5
3,Sun,September 22,boxscore,Miami Dolphins,,Atlanta Falcons,27,23,285,2,377,2
3,Sun,September 22,boxscore,Carolina Panthers,,New York Giants,38,0,402,2,150,3
3,Sun,September 22,boxscore,Baltimore Ravens,,Houston Texans,30,9,236,0,264,1
3,Sun,September 22,boxscore,Indianapolis Colts,@,San Francisco 49ers,27,7,336,0,254,2
3,Sun,September 22,boxscore,Cleveland Browns,@,Minnesota Vikings,31,27,409,4,329,3
3,Sun,September 22,boxscore,Cincinnati Bengals,,Green Bay Packers,34,30,297,4,399,4
3,Sun,September 22,boxscore,New Orleans Saints,,Arizona Cardinals,31,7,423,1,247,2
3,Sun,September 22,boxscore,Dallas Cowboys,,St. Louis Rams,31,7,396,1,232,1
3,Mon,September 23,boxscore,Denver Broncos,,Oakland Raiders,37,21,536,2,342,0
Week,Day,Date,,Winner/tie,,Loser/tie,PtsW,PtsL,YdsW,TOW,YdsL,TOL
4,Thu,September 26,boxscore,San Francisco 49ers,@,St. Louis Rams,35,11,370,2,188,2
4,Sun,September 29,boxscore,New England Patriots,@,Atlanta Falcons,30,23,448,0,457,1
4,Sun,September 29,boxscore,Cleveland Browns,,Cincinnati Bengals,17,6,336,0,266,2
4,Sun,September 29,boxscore,Washington Redskins,@,Oakland Raiders,24,14,339,1,298,3
4,Sun,September 29,boxscore,Buffalo Bills,,Baltimore Ravens,23,20,350,3,345,5
4,Sun,September 29,boxscore,Tennessee Titans,,New York Jets,38,13,322,0,330,4
4,Sun,September 29,boxscore,Kansas City Chiefs,,New York Giants,31,7,390,3,298,3
4,Sun,September 29,boxscore,San Diego Chargers,,Dallas Cowboys,30,21,506,1,319,1
4,Sun,September 29,boxscore,Arizona Cardinals,@,Tampa Bay Buccaneers,13,10,296,3,253,3
4,Sun,September 29,boxscore,Denver Broncos,,Philadelphia Eagles,52,20,472,0,450,0
4,Sun,September 29,boxscore,Detroit Lions,,Chicago Bears,40,32,387,3,417,4
4,Sun,September 29,boxscore,Indianapolis Colts,@,Jacksonville Jaguars,37,3,437,1,205,3
4,Sun,September 29,boxscore,Seattle Seahawks,@,Houston Texans,23,20,270,2,476,3
4,Sun,September 29,boxscore,Minnesota Vikings,,Pittsburgh Steelers,34,27,393,0,434,2
4,Mon,September 30,boxscore,New Orleans Saints,,Miami Dolphins,38,17,465,1,331,4
Week,Day,Date,,Winner/tie,,Loser/tie,PtsW,PtsL,YdsW,TOW,YdsL,TOL
5,Thu,October 3,boxscore,Cleveland Browns,,Buffalo Bills,37,24,290,0,343,1
5,Sun,October 6,boxscore,Arizona Cardinals,,Carolina Panthers,22,6,250,3,353,4
5,Sun,October 6,boxscore,San Francisco 49ers,,Houston Texans,34,3,284,0,313,4
5,Sun,October 6,boxscore,Cincinnati Bengals,,New England Patriots,13,6,341,2,248,2
5,Sun,October 6,boxscore,Indianapolis Colts,,Seattle Seahawks,34,28,317,2,423,2
5,Sun,October 6,boxscore,Oakland Raiders,,San Diego Chargers,27,17,299,0,427,5
5,Sun,October 6,boxscore,New Orleans Saints,@,Chicago Bears,26,18,347,0,434,1
5,Sun,October 6,boxscore,Green Bay Packers,,Detroit Lions,22,9,449,0,286,0
5,Sun,October 6,boxscore,Philadelphia Eagles,@,New York Giants,36,21,439,0,383,4
5,Sun,October 6,boxscore,Denver Broncos,@,Dallas Cowboys,51,48,517,2,522,2
5,Sun,October 6,boxscore,St. Louis Rams,,Jacksonville Jaguars,34,20,351,0,363,3
5,Sun,October 6,boxscore,Kansas City Chiefs,@,Tennessee Titans,26,17,353,2,339,3
5,Sun,October 6,boxscore,Baltimore Ravens,@,Miami Dolphins,26,23,384,2,294,0
5,Mon,October 7,boxscore,New York Jets,@,Atlanta Falcons,30,28,288,0,363,1
Week,Day,Date,,Winner/tie,,Loser/tie,PtsW,PtsL,YdsW,TOW,YdsL,TOL
6,Thu,October 10,boxscore,Chicago Bears,,New York Giants,27,21,372,0,355,3
6,Sun,October 13,boxscore,Green Bay Packers,@,Baltimore Ravens,19,17,438,2,360,1
6,Sun,October 13,boxscore,Carolina Panthers,@,Minnesota Vikings,35,10,367,0,290,2
6,Sun,October 13,boxscore,Cincinnati Bengals,@,Buffalo Bills,27,24,483,1,322,1
6,Sun,October 13,boxscore,Denver Broncos,,Jacksonville Jaguars,35,19,407,3,362,2
6,Sun,October 13,boxscore,Philadelphia Eagles,@,Tampa Bay Buccaneers,31,20,425,1,351,1
6,Sun,October 13,boxscore,New England Patriots,,New Orleans Saints,30,27,376,1,361,2
6,Sun,October 13,boxscore,Seattle Seahawks,,Tennessee Titans,20,13,404,2,223,2
6,Sun,October 13,boxscore,Dallas Cowboys,,Washington Redskins,31,16,213,1,433,2
6,Sun,October 13,boxscore,Kansas City Chiefs,,Oakland Raiders,24,7,216,1,274,3
6,Sun,October 13,boxscore,Detroit Lions,@,Cleveland Browns,31,17,366,1,395,2
6,Sun,October 13,boxscore,San Francisco 49ers,,Arizona Cardinals,32,20,387,2,403,4
6,Sun,October 13,boxscore,Pittsburgh Steelers,@,New York Jets,19,6,328,0,267,2
6,Sun,October 13,boxscore,St. Louis Rams,@,Houston Texans,38,13,216,0,420,4
6,Mon,October 14,boxscore,San Diego Chargers,,Indianapolis Colts,19,9,374,0,267,1
Week,Day,Date,,Winner/tie,,Loser/tie,PtsW,PtsL,YdsW,TOW,YdsL,TOL
7,Thu,October 17,boxscore,Seattle Seahawks,@,Arizona Cardinals,34,22,344,2,234,2
7,Sun,October 20,boxscore,Atlanta Falcons,,Tampa Bay Buccaneers,31,23,291,1,337,1
7,Sun,October 20,boxscore,Pittsburgh Steelers,,Baltimore Ravens,19,16,286,1,287,0
7,Sun,October 20,boxscore,Carolina Panthers,,St. Louis Rams,30,15,282,0,317,3
7,Sun,October 20,boxscore,San Diego Chargers,@,Jacksonville Jaguars,24,6,434,0,353,1
7,Sun,October 20,boxscore,San Francisco 49ers,@,Tennessee Titans,31,17,349,0,368,2
7,Sun,October 20,boxscore,Kansas City Chiefs,,Houston Texans,17,16,357,2,294,1
7,Sun,October 20,boxscore,New York Jets,,New England Patriots,30,27,383,1,295,1
7,Sun,October 20,boxscore,Indianapolis Colts,,Denver Broncos,39,33,334,1,429,3
7,Sun,October 20,boxscore,Washington Redskins,,Chicago Bears,45,41,499,1,359,1
7,Sun,October 20,boxscore,Green Bay Packers,,Cleveland Browns,31,13,357,0,216,1
7,Sun,October 20,boxscore,Buffalo Bills,@,Miami Dolphins,23,21,268,1,293,3
7,Sun,October 20,boxscore,Dallas Cowboys,@,Philadelphia Eagles,17,3,368,2,278,3
7,Sun,October 20,boxscore,Cincinnati Bengals,@,Detroit Lions,27,24,421,0,434,0
7,Mon,October 21,boxscore,New York Giants,,Minnesota Vikings,23,7,257,1,206,3
Week,Day,Date,,Winner/tie,,Loser/tie,PtsW,PtsL,YdsW,TOW,YdsL,TOL
8,Thu,October 24,boxscore,Carolina Panthers,@,Tampa Bay Buccaneers,31,13,324,0,297,1
8,Sun,October 27,boxscore,Arizona Cardinals,,Atlanta Falcons,27,13,348,1,292,4
8,Sun,October 27,boxscore,Oakland Raiders,,Pittsburgh Steelers,21,18,279,3,276,2
8,Sun,October 27,boxscore,Green Bay Packers,@,Minnesota Vikings,44,31,464,0,243,0
8,Sun,October 27,boxscore,New England Patriots,,Miami Dolphins,27,17,252,1,301,3
8,Sun,October 27,boxscore,Cincinnati Bengals,,New York Jets,49,9,402,1,240,2
8,Sun,October 27,boxscore,New Orleans Saints,,Buffalo Bills,35,17,386,0,299,3
8,Sun,October 27,boxscore,Detroit Lions,,Dallas Cowboys,31,30,623,4,268,0
8,Sun,October 27,boxscore,Kansas City Chiefs,,Cleveland Browns,23,17,331,0,340,1
8,Sun,October 27,boxscore,New York Giants,@,Philadelphia Eagles,15,7,325,1,200,3
8,Sun,October 27,boxscore,Denver Broncos,,Washington Redskins,45,21,446,4,266,5
8,Sun,October 27,boxscore,San Francisco 49ers,@,Jacksonville Jaguars,42,10,398,1,318,1
8,Mon,October 28,boxscore,Seattle Seahawks,@,St. Louis Rams,14,9,135,0,339,2
Week,Day,Date,,Winner/tie,,Loser/tie,PtsW,PtsL,YdsW,TOW,YdsL,TOL
9,Thu,October 31,boxscore,Miami Dolphins,,Cincinnati Bengals,22,20,345,1,465,4
9,Sun,November 3,boxscore,Carolina Panthers,,Atlanta Falcons,34,10,373,2,289,4
9,Sun,November 3,boxscore,New York Jets,,New Orleans Saints,26,20,338,0,407,2
9,Sun,November 3,boxscore,Indianapolis Colts,@,Houston Texans,27,24,314,0,483,0
9,Sun,November 3,boxscore,Washington Redskins,,San Diego Chargers,30,24,500,1,410,2
9,Sun,November 3,boxscore,Tennessee Titans,@,St. Louis Rams,28,21,363,2,363,2
9,Sun,November 3,boxscore,Seattle Seahawks,,Tampa Bay Buccaneers,27,24,415,3,350,0
9,Sun,November 3,boxscore,Philadelphia Eagles,@,Oakland Raiders,49,20,542,0,560,2
9,Sun,November 3,boxscore,New England Patriots,,Pittsburgh Steelers,55,31,610,1,479,3
9,Sun,November 3,boxscore,Cleveland Browns,,Baltimore Ravens,24,18,315,1,278,2
9,Sun,November 3,boxscore,Kansas City Chiefs,@,Buffalo Bills,23,13,210,0,470,3
9,Sun,November 3,boxscore,Dallas Cowboys,,Minnesota Vikings,27,23,350,1,393,2
9,Mon,November 4,boxscore,Chicago Bears,@,Green Bay Packers,27,20,442,0,312,1
Week,Day,Date,,Winner/tie,,Loser/tie,PtsW,PtsL,YdsW,TOW,YdsL,TOL
10,Thu,November 7,boxscore,Minnesota Vikings,,Washington Redskins,34,27,307,1,433,0
10,Sun,November 10,boxscore,Denver Broncos,@,San Diego Chargers,28,20,397,1,329,0
10,Sun,November 10,boxscore,Philadelphia Eagles,@,Green Bay Packers,27,13,415,1,396,2
10,Sun,November 10,boxscore,New York Giants,,Oakland Raiders,24,20,251,3,213,2
10,Sun,November 10,boxscore,Arizona Cardinals,,Houston Texans,27,24,332,3,235,1
10,Sun,November 10,boxscore,Detroit Lions,@,Chicago Bears,21,19,364,1,338,1
10,Sun,November 10,boxscore,St. Louis Rams,@,Indianapolis Colts,38,8,372,1,406,5
10,Sun,November 10,boxscore,Carolina Panthers,@,San Francisco 49ers,10,9,250,2,151,2
10,Sun,November 10,boxscore,Jacksonville Jaguars,@,Tennessee Titans,29,27,214,2,362,4
10,Sun,November 10,boxscore,Seattle Seahawks,@,Atlanta Falcons,33,10,490,0,226,1
10,Sun,November 10,boxscore,Baltimore Ravens,,Cincinnati Bengals,20,17,189,3,364,3
10,Sun,November 10,boxscore,Pittsburgh Steelers,,Buffalo Bills,23,10,300,1,227,1
10,Sun,November 10,boxscore,New Orleans Saints,,Dallas Cowboys,49,17,625,1,193,0
10,Mon,November 11,boxscore,Tampa Bay Buccaneers,,Miami Dolphins,22,19,264,1,213,1
Week,Day,Date,,Winner/tie,,Loser/tie,PtsW,PtsL,YdsW,TOW,YdsL,TOL
11,Thu,November 14,boxscore,Indianapolis Colts,@,Tennessee Titans,30,27,366,0,340,1
11,Sun,November 17,boxscore,New Orleans Saints,,San Francisco 49ers,23,20,387,3,196,1
11,Sun,November 17,boxscore,Miami Dolphins,,San Diego Chargers,20,16,343,1,435,1
11,Sun,November 17,boxscore,Chicago Bears,,Baltimore Ravens,23,20,319,0,317,2
11,Sun,November 17,boxscore,New York Giants,,Green Bay Packers,27,13,334,1,394,3
11,Sun,November 17,boxscore,Pittsburgh Steelers,,Detroit Lions,37,27,398,0,451,3
11,Sun,November 17,boxscore,Seattle Seahawks,,Minnesota Vikings,41,20,323,0,336,4
11,Sun,November 17,boxscore,Arizona Cardinals,@,Jacksonville Jaguars,27,14,416,0,274,2
11,Sun,November 17,boxscore,Oakland Raiders,@,Houston Texans,28,23,341,0,394,2
11,Sun,November 17,boxscore,Denver Broncos,,Kansas City Chiefs,27,17,427,1,344,1
11,Sun,November 17,boxscore,Tampa Bay Buccaneers,,Atlanta Falcons,41,28,410,0,420,3
11,Sun,November 17,boxscore,Cincinnati Bengals,,Cleveland Browns,41,20,224,2,330,4
11,Sun,November 17,boxscore,Philadelphia Eagles,,Washington Redskins,24,16,402,0,427,2
11,Sun,November 17,boxscore,Buffalo Bills,,New York Jets,37,14,313,0,267,4
11,Mon,November 18,boxscore,Carolina Panthers,,New England Patriots,24,20,300,0,390,2
Week,Day,Date,,Winner/tie,,Loser/tie,PtsW,PtsL,YdsW,TOW,YdsL,TOL
12,Thu,November 21,boxscore,New Orleans Saints,@,Atlanta Falcons,17,13,374,0,355,1
12,Sun,November 24,boxscore,Minnesota Vikings,@,Green Bay Packers,26,26,447,1,494,0
12,Sun,November 24,boxscore,Tampa Bay Buccaneers,@,Detroit Lions,24,21,229,0,390,5
12,Sun,November 24,boxscore,Pittsburgh Steelers,@,Cleveland Browns,27,11,302,0,367,4
12,Sun,November 24,boxscore,Tennessee Titans,@,Oakland Raiders,23,19,426,0,353,2
12,Sun,November 24,boxscore,St. Louis Rams,,Chicago Bears,42,21,406,0,424,3
12,Sun,November 24,boxscore,New England Patriots,,Denver Broncos,34,31,440,3,412,4
12,Sun,November 24,boxscore,Jacksonville Jaguars,@,Houston Texans,13,6,333,0,218,1
12,Sun,November 24,boxscore,Dallas Cowboys,@,New York Giants,24,21,311,1,356,1
12,Sun,November 24,boxscore,San Diego Chargers,@,Kansas City Chiefs,41,38,491,0,395,2
12,Sun,November 24,boxscore,Baltimore Ravens,,New York Jets,19,3,312,1,220,3
12,Sun,November 24,boxscore,Arizona Cardinals,,Indianapolis Colts,40,11,410,0,239,1
12,Sun,November 24,boxscore,Carolina Panthers,@,Miami Dolphins,20,16,295,1,332,1
12,Mon,November 25,boxscore,San Francisco 49ers,@,Washington Redskins,27,6,304,1,190,1
Week,Day,Date,,Winner/tie,,Loser/tie,PtsW,PtsL,YdsW,TOW,YdsL,TOL
13,Thu,November 28,boxscore,Detroit Lions,,Green Bay Packers,40,10,561,4,126,3
13,Thu,November 28,boxscore,Dallas Cowboys,,Oakland Raiders,31,24,352,1,305,2
13,Thu,November 28,boxscore,Baltimore Ravens,,Pittsburgh Steelers,22,20,311,0,329,0
13,Sun,December 1,boxscore,San Francisco 49ers,,St. Louis Rams,23,13,338,1,312,1
13,Sun,December 1,boxscore,Denver Broncos,@,Kansas City Chiefs,35,28,535,2,452,1
13,Sun,December 1,boxscore,Philadelphia Eagles,,Arizona Cardinals,24,21,307,0,350,3
13,Sun,December 1,boxscore,Atlanta Falcons,@,Buffalo Bills,34,31,423,1,405,2
13,Sun,December 1,boxscore,New York Giants,@,Washington Redskins,24,17,286,1,323,1
13,Sun,December 1,boxscore,Jacksonville Jaguars,@,Cleveland Browns,32,28,314,1,439,3
13,Sun,December 1,boxscore,Carolina Panthers,,Tampa Bay Buccaneers,27,6,426,2,206,2
13,Sun,December 1,boxscore,New England Patriots,@,Houston Texans,34,31,453,1,385,1
13,Sun,December 1,boxscore,Indianapolis Colts,,Tennessee Titans,22,14,264,1,347,4
13,Sun,December 1,boxscore,Miami Dolphins,@,New York Jets,23,3,453,1,177,3
13,Sun,December 1,boxscore,Minnesota Vikings,,Chicago Bears,23,20,496,1,480,1
13,Sun,December 1,boxscore,Cincinnati Bengals,@,San Diego Chargers,17,10,354,2,334,3
13,Mon,December 2,boxscore,Seattle Seahawks,,New Orleans Saints,34,7,429,0,188,1
Week,Day,Date,,Winner/tie,,Loser/tie,PtsW,PtsL,YdsW,TOW,YdsL,TOL
14,Thu,December 5,boxscore,Jacksonville Jaguars,,Houston Texans,27,20,281,0,406,2
14,Sun,December 8,boxscore,Philadelphia Eagles,,Detroit Lions,34,20,478,1,228,3
14,Sun,December 8,boxscore,San Diego Chargers,,New York Giants,37,14,388,1,333,3
14,Sun,December 8,boxscore,New Orleans Saints,,Carolina Panthers,31,13,373,0,239,0
14,Sun,December 8,boxscore,San Francisco 49ers,,Seattle Seahawks,19,17,318,1,264,1
14,Sun,December 8,boxscore,Tampa Bay Buccaneers,,Buffalo Bills,27,6,246,2,214,5
14,Sun,December 8,boxscore,Kansas City Chiefs,@,Washington Redskins,45,10,347,1,257,2
14,Sun,December 8,boxscore,Green Bay Packers,,Atlanta Falcons,22,21,334,2,285,2
14,Sun,December 8,boxscore,Baltimore Ravens,,Minnesota Vikings,29,26,325,3,379,1
14,Sun,December 8,boxscore,New England Patriots,,Cleveland Browns,27,26,484,2,494,0
14,Sun,December 8,boxscore,Cincinnati Bengals,,Indianapolis Colts,42,28,430,0,389,0
14,Sun,December 8,boxscore,New York Jets,,Oakland Raiders,37,27,352,1,383,1
14,Sun,December 8,boxscore,Denver Broncos,,Tennessee Titans,51,28,551,0,254,2
14,Sun,December 8,boxscore,Miami Dolphins,@,Pittsburgh Steelers,34,28,360,1,412,1
14,Sun,December 8,boxscore,Arizona Cardinals,,St. Louis Rams,30,10,369,1,257,2
14,Mon,December 9,boxscore,Chicago Bears,,Dallas Cowboys,@,,,,,



Week,Day,Date,,Winner/tie,,Loser/tie,PtsW,PtsL,YdsW,TOW,YdsL,TOL
1,Thu,September 5,boxscore,Denver Broncos,,Baltimore Ravens,49,27,510,2,393,2
1,Sun,September 8,boxscore,Indianapolis Colts,,Oakland Raiders,21,17,274,0,372,2
1,Sun,September 8,boxscore,St. Louis Rams,,Arizona Cardinals,27,24,366,2,390,2
1,Sun,September 8,boxscore,Kansas City Chiefs,@,Jacksonville Jaguars,28,2,292,0,178,2
1,Sun,September 8,boxscore,New York Jets,,Tampa Bay Buccaneers,18,17,304,2,250,2
1,Sun,September 8,boxscore,New Orleans Saints,,Atlanta Falcons,23,17,419,1,367,2
1,Sun,September 8,boxscore,Tennessee Titans,@,Pittsburgh Steelers,16,9,229,0,194,2
1,Sun,September 8,boxscore,Seattle Seahawks,@,Carolina Panthers,12,7,370,1,253,2
1,Sun,September 8,boxscore,Miami Dolphins,@,Cleveland Browns,23,10,275,1,291,3
1,Sun,September 8,boxscore,San Francisco 49ers,,Green Bay Packers,34,28,494,0,385,2
1,Sun,September 8,boxscore,Dallas Cowboys,,New York Giants,36,31,331,1,478,6
1,Sun,September 8,boxscore,Detroit Lions,,Minnesota Vikings,34,24,469,2,330,4
1,Sun,September 8,boxscore,New England Patriots,@,Buffalo Bills,23,21,431,3,286,2
1,Sun,September 8,boxscore,Chicago Bears,,Cincinnati Bengals,24,21,323,1,340,3
1,Mon,September 9,boxscore,Philadelphia Eagles,@,Washington Redskins,33,27,443,2,382,3
1,Mon,September 9,boxscore,Houston Texans,@,San Diego Chargers,31,28,449,1,263,1
Week,Day,Date,,Winner/tie,,Loser/tie,PtsW,PtsL,YdsW,TOW,YdsL,TOL
2,Thu,September 12,boxscore,New England Patriots,,New York Jets,13,10,232,0,318,4
2,Sun,September 15,boxscore,Green Bay Packers,,Washington Redskins,38,20,580,1,422,1
2,Sun,September 15,boxscore,Baltimore Ravens,,Cleveland Browns,14,6,296,1,259,0
2,Sun,September 15,boxscore,Kansas City Chiefs,,Dallas Cowboys,17,16,313,0,318,2
2,Sun,September 15,boxscore,Denver Broncos,@,New York Giants,41,23,414,1,376,4
2,Sun,September 15,boxscore,Miami Dolphins,@,Indianapolis Colts,24,20,398,1,448,1
2,Sun,September 15,boxscore,Chicago Bears,,Minnesota Vikings,31,30,411,4,350,3
2,Sun,September 15,boxscore,Buffalo Bills,,Carolina Panthers,24,23,436,2,308,1
2,Sun,September 15,boxscore,Atlanta Falcons,,St. Louis Rams,31,24,393,0,421,1
2,Sun,September 15,boxscore,Arizona Cardinals,,Detroit Lions,25,21,348,1,322,1
2,Sun,September 15,boxscore,Oakland Raiders,,Jacksonville Jaguars,19,9,340,1,248,0
2,Sun,September 15,boxscore,Houston Texans,,Tennessee Titans,30,24,452,2,248,0
2,Sun,September 15,boxscore,San Diego Chargers,@,Philadelphia Eagles,33,30,539,2,522,0
2,Sun,September 15,boxscore,Seattle Seahawks,,San Francisco 49ers,29,3,290,1,207,5
2,Sun,September 15,boxscore,New Orleans Saints,@,Tampa Bay Buccaneers,16,14,371,2,273,2
2,Mon,September 16,boxscore,Cincinnati Bengals,,Pittsburgh Steelers,20,10,407,0,278,2
Week,Day,Date,,Winner/tie,,Loser/tie,PtsW,PtsL,YdsW,TOW,YdsL,TOL
3,Thu,September 19,boxscore,Kansas City Chiefs,@,Philadelphia Eagles,26,16,394,0,431,5
3,Sun,September 22,boxscore,Seattle Seahawks,,Jacksonville Jaguars,45,17,479,2,265,3
3,Sun,September 22,boxscore,Detroit Lions,@,Washington Redskins,27,20,441,1,420,2
3,Sun,September 22,boxscore,New England Patriots,,Tampa Bay Buccaneers,23,3,358,1,323,1
3,Sun,September 22,boxscore,Tennessee Titans,,San Diego Chargers,20,17,452,0,277,1
3,Sun,September 22,boxscore,New York Jets,,Buffalo Bills,27,20,513,2,328,0
3,Sun,September 22,boxscore,Chicago Bears,@,Pittsburgh Steelers,40,23,258,0,459,5
3,Sun,September 22,boxscore,Miami Dolphins,,Atlanta Falcons,27,23,285,2,377,2
3,Sun,September 22,boxscore,Carolina Panthers,,New York Giants,38,0,402,2,150,3
3,Sun,September 22,boxscore,Baltimore Ravens,,Houston Texans,30,9,236,0,264,1
3,Sun,September 22,boxscore,Indianapolis Colts,@,San Francisco 49ers,27,7,336,0,254,2
3,Sun,September 22,boxscore,Cleveland Browns,@,Minnesota Vikings,31,27,409,4,329,3
3,Sun,September 22,boxscore,Cincinnati Bengals,,Green Bay Packers,34,30,297,4,399,4
3,Sun,September 22,boxscore,New Orleans Saints,,Arizona Cardinals,31,7,423,1,247,2
3,Sun,September 22,boxscore,Dallas Cowboys,,St. Louis Rams,31,7,396,1,232,1
3,Mon,September 23,boxscore,Denver Broncos,,Oakland Raiders,37,21,536,2,342,0
Week,Day,Date,,Winner/tie,,Loser/tie,PtsW,PtsL,YdsW,TOW,YdsL,TOL
4,Thu,September 26,boxscore,San Francisco 49ers,@,St. Louis Rams,35,11,370,2,188,2
4,Sun,September 29,boxscore,New England Patriots,@,Atlanta Falcons,30,23,448,0,457,1
4,Sun,September 29,boxscore,Cleveland Browns,,Cincinnati Bengals,17,6,336,0,266,2
4,Sun,September 29,boxscore,Washington Redskins,@,Oakland Raiders,24,14,339,1,298,3
4,Sun,September 29,boxscore,Buffalo Bills,,Baltimore Ravens,23,20,350,3,345,5
4,Sun,September 29,boxscore,Tennessee Titans,,New York Jets,38,13,322,0,330,4
4,Sun,September 29,boxscore,Kansas City Chiefs,,New York Giants,31,7,390,3,298,3
4,Sun,September 29,boxscore,San Diego Chargers,,Dallas Cowboys,30,21,506,1,319,1
4,Sun,September 29,boxscore,Arizona Cardinals,@,Tampa Bay Buccaneers,13,10,296,3,253,3
4,Sun,September 29,boxscore,Denver Broncos,,Philadelphia Eagles,52,20,472,0,450,0
4,Sun,September 29,boxscore,Detroit Lions,,Chicago Bears,40,32,387,3,417,4
4,Sun,September 29,boxscore,Indianapolis Colts,@,Jacksonville Jaguars,37,3,437,1,205,3
4,Sun,September 29,boxscore,Seattle Seahawks,@,Houston Texans,23,20,270,2,476,3
4,Sun,September 29,boxscore,Minnesota Vikings,,Pittsburgh Steelers,34,27,393,0,434,2
4,Mon,September 30,boxscore,New Orleans Saints,,Miami Dolphins,38,17,465,1,331,4
Week,Day,Date,,Winner/tie,,Loser/tie,PtsW,PtsL,YdsW,TOW,YdsL,TOL
5,Thu,October 3,boxscore,Cleveland Browns,,Buffalo Bills,37,24,290,0,343,1
5,Sun,October 6,boxscore,Arizona Cardinals,,Carolina Panthers,22,6,250,3,353,4
5,Sun,October 6,boxscore,San Francisco 49ers,,Houston Texans,34,3,284,0,313,4
5,Sun,October 6,boxscore,Cincinnati Bengals,,New England Patriots,13,6,341,2,248,2
5,Sun,October 6,boxscore,Indianapolis Colts,,Seattle Seahawks,34,28,317,2,423,2
5,Sun,October 6,boxscore,Oakland Raiders,,San Diego Chargers,27,17,299,0,427,5
5,Sun,October 6,boxscore,New Orleans Saints,@,Chicago Bears,26,18,347,0,434,1
5,Sun,October 6,boxscore,Green Bay Packers,,Detroit Lions,22,9,449,0,286,0
5,Sun,October 6,boxscore,Philadelphia Eagles,@,New York Giants,36,21,439,0,383,4
5,Sun,October 6,boxscore,Denver Broncos,@,Dallas Cowboys,51,48,517,2,522,2
5,Sun,October 6,boxscore,St. Louis Rams,,Jacksonville Jaguars,34,20,351,0,363,3
5,Sun,October 6,boxscore,Kansas City Chiefs,@,Tennessee Titans,26,17,353,2,339,3
5,Sun,October 6,boxscore,Baltimore Ravens,@,Miami Dolphins,26,23,384,2,294,0
5,Mon,October 7,boxscore,New York Jets,@,Atlanta Falcons,30,28,288,0,363,1
Week,Day,Date,,Winner/tie,,Loser/tie,PtsW,PtsL,YdsW,TOW,YdsL,TOL
6,Thu,October 10,boxscore,Chicago Bears,,New York Giants,27,21,372,0,355,3
6,Sun,October 13,boxscore,Green Bay Packers,@,Baltimore Ravens,19,17,438,2,360,1
6,Sun,October 13,boxscore,Carolina Panthers,@,Minnesota Vikings,35,10,367,0,290,2
6,Sun,October 13,boxscore,Cincinnati Bengals,@,Buffalo Bills,27,24,483,1,322,1
6,Sun,October 13,boxscore,Denver Broncos,,Jacksonville Jaguars,35,19,407,3,362,2
6,Sun,October 13,boxscore,Philadelphia Eagles,@,Tampa Bay Buccaneers,31,20,425,1,351,1
6,Sun,October 13,boxscore,New England Patriots,,New Orleans Saints,30,27,376,1,361,2
6,Sun,October 13,boxscore,Seattle Seahawks,,Tennessee Titans,20,13,404,2,223,2
6,Sun,October 13,boxscore,Dallas Cowboys,,Washington Redskins,31,16,213,1,433,2
6,Sun,October 13,boxscore,Kansas City Chiefs,,Oakland Raiders,24,7,216,1,274,3
6,Sun,October 13,boxscore,Detroit Lions,@,Cleveland Browns,31,17,366,1,395,2
6,Sun,October 13,boxscore,San Francisco 49ers,,Arizona Cardinals,32,20,387,2,403,4
6,Sun,October 13,boxscore,Pittsburgh Steelers,@,New York Jets,19,6,328,0,267,2
6,Sun,October 13,boxscore,St. Louis Rams,@,Houston Texans,38,13,216,0,420,4
6,Mon,October 14,boxscore,San Diego Chargers,,Indianapolis Colts,19,9,374,0,267,1
Week,Day,Date,,Winner/tie,,Loser/tie,PtsW,PtsL,YdsW,TOW,YdsL,TOL
7,Thu,October 17,boxscore,Seattle Seahawks,@,Arizona Cardinals,34,22,344,2,234,2
7,Sun,October 20,boxscore,Atlanta Falcons,,Tampa Bay Buccaneers,31,23,291,1,337,1
7,Sun,October 20,boxscore,Pittsburgh Steelers,,Baltimore Ravens,19,16,286,1,287,0
7,Sun,October 20,boxscore,Carolina Panthers,,St. Louis Rams,30,15,282,0,317,3
7,Sun,October 20,boxscore,San Diego Chargers,@,Jacksonville Jaguars,24,6,434,0,353,1
7,Sun,October 20,boxscore,San Francisco 49ers,@,Tennessee Titans,31,17,349,0,368,2
7,Sun,October 20,boxscore,Kansas City Chiefs,,Houston Texans,17,16,357,2,294,1
7,Sun,October 20,boxscore,New York Jets,,New England Patriots,30,27,383,1,295,1
7,Sun,October 20,boxscore,Indianapolis Colts,,Denver Broncos,39,33,334,1,429,3
7,Sun,October 20,boxscore,Washington Redskins,,Chicago Bears,45,41,499,1,359,1
7,Sun,October 20,boxscore,Green Bay Packers,,Cleveland Browns,31,13,357,0,216,1
7,Sun,October 20,boxscore,Buffalo Bills,@,Miami Dolphins,23,21,268,1,293,3
7,Sun,October 20,boxscore,Dallas Cowboys,@,Philadelphia Eagles,17,3,368,2,278,3
7,Sun,October 20,boxscore,Cincinnati Bengals,@,Detroit Lions,27,24,421,0,434,0
7,Mon,October 21,boxscore,New York Giants,,Minnesota Vikings,23,7,257,1,206,3
Week,Day,Date,,Winner/tie,,Loser/tie,PtsW,PtsL,YdsW,TOW,YdsL,TOL
8,Thu,October 24,boxscore,Carolina Panthers,@,Tampa Bay Buccaneers,31,13,324,0,297,1
8,Sun,October 27,boxscore,Arizona Cardinals,,Atlanta Falcons,27,13,348,1,292,4
8,Sun,October 27,boxscore,Oakland Raiders,,Pittsburgh Steelers,21,18,279,3,276,2
8,Sun,October 27,boxscore,Green Bay Packers,@,Minnesota Vikings,44,31,464,0,243,0
8,Sun,October 27,boxscore,New England Patriots,,Miami Dolphins,27,17,252,1,301,3
8,Sun,October 27,boxscore,Cincinnati Bengals,,New York Jets,49,9,402,1,240,2
8,Sun,October 27,boxscore,New Orleans Saints,,Buffalo Bills,35,17,386,0,299,3
8,Sun,October 27,boxscore,Detroit Lions,,Dallas Cowboys,31,30,623,4,268,0
8,Sun,October 27,boxscore,Kansas City Chiefs,,Cleveland Browns,23,17,331,0,340,1
8,Sun,October 27,boxscore,New York Giants,@,Philadelphia Eagles,15,7,325,1,200,3
8,Sun,October 27,boxscore,Denver Broncos,,Washington Redskins,45,21,446,4,266,5
8,Sun,October 27,boxscore,San Francisco 49ers,@,Jacksonville Jaguars,42,10,398,1,318,1
8,Mon,October 28,boxscore,Seattle Seahawks,@,St. Louis Rams,14,9,135,0,339,2
Week,Day,Date,,Winner/tie,,Loser/tie,PtsW,PtsL,YdsW,TOW,YdsL,TOL
9,Thu,October 31,boxscore,Miami Dolphins,,Cincinnati Bengals,22,20,345,1,465,4
9,Sun,November 3,boxscore,Carolina Panthers,,Atlanta Falcons,34,10,373,2,289,4
9,Sun,November 3,boxscore,New York Jets,,New Orleans Saints,26,20,338,0,407,2
9,Sun,November 3,boxscore,Indianapolis Colts,@,Houston Texans,27,24,314,0,483,0
9,Sun,November 3,boxscore,Washington Redskins,,San Diego Chargers,30,24,500,1,410,2
9,Sun,November 3,boxscore,Tennessee Titans,@,St. Louis Rams,28,21,363,2,363,2
9,Sun,November 3,boxscore,Seattle Seahawks,,Tampa Bay Buccaneers,27,24,415,3,350,0
9,Sun,November 3,boxscore,Philadelphia Eagles,@,Oakland Raiders,49,20,542,0,560,2
9,Sun,November 3,boxscore,New England Patriots,,Pittsburgh Steelers,55,31,610,1,479,3
9,Sun,November 3,boxscore,Cleveland Browns,,Baltimore Ravens,24,18,315,1,278,2
9,Sun,November 3,boxscore,Kansas City Chiefs,@,Buffalo Bills,23,13,210,0,470,3
9,Sun,November 3,boxscore,Dallas Cowboys,,Minnesota Vikings,27,23,350,1,393,2
9,Mon,November 4,boxscore,Chicago Bears,@,Green Bay Packers,27,20,442,0,312,1
Week,Day,Date,,Winner/tie,,Loser/tie,PtsW,PtsL,YdsW,TOW,YdsL,TOL
10,Thu,November 7,boxscore,Minnesota Vikings,,Washington Redskins,34,27,307,1,433,0
10,Sun,November 10,boxscore,Denver Broncos,@,San Diego Chargers,28,20,397,1,329,0
10,Sun,November 10,boxscore,Philadelphia Eagles,@,Green Bay Packers,27,13,415,1,396,2
10,Sun,November 10,boxscore,New York Giants,,Oakland Raiders,24,20,251,3,213,2
10,Sun,November 10,boxscore,Arizona Cardinals,,Houston Texans,27,24,332,3,235,1
10,Sun,November 10,boxscore,Detroit Lions,@,Chicago Bears,21,19,364,1,338,1
10,Sun,November 10,boxscore,St. Louis Rams,@,Indianapolis Colts,38,8,372,1,406,5
10,Sun,November 10,boxscore,Carolina Panthers,@,San Francisco 49ers,10,9,250,2,151,2
10,Sun,November 10,boxscore,Jacksonville Jaguars,@,Tennessee Titans,29,27,214,2,362,4
10,Sun,November 10,boxscore,Seattle Seahawks,@,Atlanta Falcons,33,10,490,0,226,1
10,Sun,November 10,boxscore,Baltimore Ravens,,Cincinnati Bengals,20,17,189,3,364,3
10,Sun,November 10,boxscore,Pittsburgh Steelers,,Buffalo Bills,23,10,300,1,227,1
10,Sun,November 10,boxscore,New Orleans Saints,,Dallas Cowboys,49,17,625,1,193,0
10,Mon,November 11,boxscore,Tampa Bay Buccaneers,,Miami Dolphins,22,19,264,1,213,1
Week,Day,Date,,Winner/tie,,Loser/tie,PtsW,PtsL,YdsW,TOW,YdsL,TOL
11,Thu,November 14,boxscore,Indianapolis Colts,@,Tennessee Titans,30,27,366,0,340,1
11,Sun,November 17,boxscore,New Orleans Saints,,San Francisco 49ers,23,20,387,3,196,1
11,Sun,November 17,boxscore,Miami Dolphins,,San Diego Chargers,20,16,343,1,435,1
11,Sun,November 17,boxscore,Chicago Bears,,Baltimore Ravens,23,20,319,0,317,2
11,Sun,November 17,boxscore,New York Giants,,Green Bay Packers,27,13,334,1,394,3
11,Sun,November 17,boxscore,Pittsburgh Steelers,,Detroit Lions,37,27,398,0,451,3
11,Sun,November 17,boxscore,Seattle Seahawks,,Minnesota Vikings,41,20,323,0,336,4
11,Sun,November 17,boxscore,Arizona Cardinals,@,Jacksonville Jaguars,27,14,416,0,274,2
11,Sun,November 17,boxscore,Oakland Raiders,@,Houston Texans,28,23,341,0,394,2
11,Sun,November 17,boxscore,Denver Broncos,,Kansas City Chiefs,27,17,427,1,344,1
11,Sun,November 17,boxscore,Tampa Bay Buccaneers,,Atlanta Falcons,41,28,410,0,420,3
11,Sun,November 17,boxscore,Cincinnati Bengals,,Cleveland Browns,41,20,224,2,330,4
11,Sun,November 17,boxscore,Philadelphia Eagles,,Washington Redskins,24,16,402,0,427,2
11,Sun,November 17,boxscore,Buffalo Bills,,New York Jets,37,14,313,0,267,4
11,Mon,November 18,boxscore,Carolina Panthers,,New England Patriots,24,20,300,0,390,2
Week,Day,Date,,Winner/tie,,Loser/tie,PtsW,PtsL,YdsW,TOW,YdsL,TOL
12,Thu,November 21,boxscore,New Orleans Saints,@,Atlanta Falcons,17,13,374,0,355,1
12,Sun,November 24,boxscore,Minnesota Vikings,@,Green Bay Packers,26,26,447,1,494,0
12,Sun,November 24,boxscore,Tampa Bay Buccaneers,@,Detroit Lions,24,21,229,0,390,5
12,Sun,November 24,boxscore,Pittsburgh Steelers,@,Cleveland Browns,27,11,302,0,367,4
12,Sun,November 24,boxscore,Tennessee Titans,@,Oakland Raiders,23,19,426,0,353,2
12,Sun,November 24,boxscore,St. Louis Rams,,Chicago Bears,42,21,406,0,424,3
12,Sun,November 24,boxscore,New England Patriots,,Denver Broncos,34,31,440,3,412,4
12,Sun,November 24,boxscore,Jacksonville Jaguars,@,Houston Texans,13,6,333,0,218,1
12,Sun,November 24,boxscore,Dallas Cowboys,@,New York Giants,24,21,311,1,356,1
12,Sun,November 24,boxscore,San Diego Chargers,@,Kansas City Chiefs,41,38,491,0,395,2
12,Sun,November 24,boxscore,Baltimore Ravens,,New York Jets,19,3,312,1,220,3
12,Sun,November 24,boxscore,Arizona Cardinals,,Indianapolis Colts,40,11,410,0,239,1
12,Sun,November 24,boxscore,Carolina Panthers,@,Miami Dolphins,20,16,295,1,332,1
12,Mon,November 25,boxscore,San Francisco 49ers,@,Washington Redskins,27,6,304,1,190,1
Week,Day,Date,,Winner/tie,,Loser/tie,PtsW,PtsL,YdsW,TOW,YdsL,TOL
13,Thu,November 28,boxscore,Detroit Lions,,Green Bay Packers,40,10,561,4,126,3
13,Thu,November 28,boxscore,Dallas Cowboys,,Oakland Raiders,31,24,352,1,305,2
13,Thu,November 28,boxscore,Baltimore Ravens,,Pittsburgh Steelers,22,20,311,0,329,0
13,Sun,December 1,boxscore,San Francisco 49ers,,St. Louis Rams,23,13,338,1,312,1
13,Sun,December 1,boxscore,Denver Broncos,@,Kansas City Chiefs,35,28,535,2,452,1
13,Sun,December 1,boxscore,Philadelphia Eagles,,Arizona Cardinals,24,21,307,0,350,3
13,Sun,December 1,boxscore,Atlanta Falcons,@,Buffalo Bills,34,31,423,1,405,2
13,Sun,December 1,boxscore,New York Giants,@,Washington Redskins,24,17,286,1,323,1
13,Sun,December 1,boxscore,Jacksonville Jaguars,@,Cleveland Browns,32,28,314,1,439,3
13,Sun,December 1,boxscore,Carolina Panthers,,Tampa Bay Buccaneers,27,6,426,2,206,2
13,Sun,December 1,boxscore,New England Patriots,@,Houston Texans,34,31,453,1,385,1
13,Sun,December 1,boxscore,Indianapolis Colts,,Tennessee Titans,22,14,264,1,347,4
13,Sun,December 1,boxscore,Miami Dolphins,@,New York Jets,23,3,453,1,177,3
13,Sun,December 1,boxscore,Minnesota Vikings,,Chicago Bears,23,20,496,1,480,1
13,Sun,December 1,boxscore,Cincinnati Bengals,@,San Diego Chargers,17,10,354,2,334,3
13,Mon,December 2,boxscore,Seattle Seahawks,,New Orleans Saints,34,7,429,0,188,1
Week,Day,Date,,Winner/tie,,Loser/tie,PtsW,PtsL,YdsW,TOW,YdsL,TOL
14,Thu,December 5,boxscore,Jacksonville Jaguars,,Houston Texans,27,20,281,0,406,2
14,Sun,December 8,boxscore,Philadelphia Eagles,,Detroit Lions,34,20,478,1,228,3
14,Sun,December 8,boxscore,San Diego Chargers,,New York Giants,37,14,388,1,333,3
14,Sun,December 8,boxscore,New Orleans Saints,,Carolina Panthers,31,13,373,0,239,0
14,Sun,December 8,boxscore,San Francisco 49ers,,Seattle Seahawks,19,17,318,1,264,1
14,Sun,December 8,boxscore,Tampa Bay Buccaneers,,Buffalo Bills,27,6,246,2,214,5
14,Sun,December 8,boxscore,Kansas City Chiefs,@,Washington Redskins,45,10,347,1,257,2
14,Sun,December 8,boxscore,Green Bay Packers,,Atlanta Falcons,22,21,334,2,285,2
14,Sun,December 8,boxscore,Baltimore Ravens,,Minnesota Vikings,29,26,325,3,379,1
14,Sun,December 8,boxscore,New England Patriots,,Cleveland Browns,27,26,484,2,494,0
14,Sun,December 8,boxscore,Cincinnati Bengals,,Indianapolis Colts,42,28,430,0,389,0
14,Sun,December 8,boxscore,New York Jets,,Oakland Raiders,37,27,352,1,383,1
14,Sun,December 8,boxscore,Denver Broncos,,Tennessee Titans,51,28,551,0,254,2
14,Sun,December 8,boxscore,Miami Dolphins,@,Pittsburgh Steelers,34,28,360,1,412,1
14,Sun,December 8,boxscore,Arizona Cardinals,,St. Louis Rams,30,10,369,1,257,2
14,Mon,December 9,boxscore,Chicago Bears,,Dallas Cowboys,@,,,,,
